id,season,actual_harvest_date,recorded_at,total_picks,yield_first_pick,yield_final_pick,grade_fine_final,fine_pct_constant,first_note,last_note
4dcbbf4b-f798-4c71-8af0-a23de7337f31,2021-2022,2021-10-16,2026-02-19,52,2.58,134.37,9.49,7.06258838,Pick 1 - Oct 2021,Pick 52 - Jan 2026 (final)
3c08c98d-ee24-4864-91e9-c559263d0a86,2021-2022,2021-10-18,2026-02-19,52,2.03,105.35,15.92,15.11153299,Pick 1 - Oct 2021,Pick 52 - Jan 2026 (final)
356cee24-39b3-450d-b51c-fae092e22c8b,2021-2022,2021-10-18,2026-02-19,52,1.01,52.68,6.21,11.78815490,Pick 1 - Oct 2021,Pick 52 - Jan 2026 (final)
d1311ab8-aafa-43c1-a12c-a9f8db98034a,2021-2022,2021-10-21,2026-02-19,51,0.81,41.19,5.60,13.59553290,Pick 1 - Oct 2021,Pick 51 - Dec 2025 (final)
cfee9a61-ec1d-4cda-adac-9fe023e291a8,2021-2022,2021-10-24,2026-02-19,51,0.57,29.25,2.10,7.17948718,Pick 1 - Oct 2021,Pick 51 - Dec 2025 (final)
7133e5a3-c5a5-4f81-b1a8-84f887798329,2021-2022,2021-10-25,2026-02-19,51,1.30,66.20,8.81,13.30815710,Pick 1 - Oct 2021,Pick 51 - Dec 2025 (final)
85f2da67-79ef-4846-8211-5b6e18f1d09e,2021-2022,2021-10-27,2026-02-19,51,0.21,10.78,0.92,8.53432282,Pick 1 - Oct 2021,Pick 51 - Dec 2025 (final)
39bed61f-0f57-4932-acc9-91e66124b288,2021-2022,2021-11-01,2026-02-19,51,0.24,12.15,0.93,7.65432099,Pick 1 - Nov 2021,Pick 51 - Jan 2026 (final)
60afe2a2-afe3-436c-b1c8-9fe443889e25,2021-2022,2021-11-03,2026-02-19,51,0.12,6.00,0.36,6.00000000,Pick 1 - Nov 2021,Pick 51 - Jan 2026 (final)
d1c1aa4b-29d9-4e35-bd6c-11948014e8eb,2021-2022,2021-11-04,2026-02-19,51,0.43,21.75,2.03,9.33333333,Pick 1 - Nov 2021,Pick 51 - Jan 2026 (final)
83fc1448-91c7-4a9e-8ad1-d9edb85a6c45,2021-2022,2021-11-06,2026-02-19,51,2.92,149.14,16.94,11.35845514,Pick 1 - Nov 2021,Pick 51 - Jan 2026 (final)
6f168d56-eb60-4eca-8b7a-60ca94a66242,2021-2022,2021-11-11,2026-02-19,51,1.01,51.30,7.20,14.03508772,Pick 1 - Nov 2021,Pick 51 - Jan 2026 (final)
e58a5e1a-c2b7-49d8-8c3c-464c0a797f2c,2021-2022,2021-11-14,2026-02-19,51,0.11,5.55,0.52,9.36936937,Pick 1 - Nov 2021,Pick 51 - Jan 2026 (final)
171ab3f1-3afb-49d0-b194-e31236bd572b,2021-2022,2021-11-15,2026-02-19,51,0.60,30.45,1.55,5.09031199,Pick 1 - Nov 2021,Pick 51 - Jan 2026 (final)
bd8704cf-99ef-49e5-9c87-0f2cbe7f05da,2021-2022,2021-11-23,2026-02-19,50,0.19,9.73,0.70,7.19424460,Pick 1 - Nov 2021,Pick 50 - Dec 2025 (final)
12219f45-1168-42b6-ae64-f7da3e9863c1,2021-2022,2021-11-25,2026-02-19,50,1.57,78.47,5.26,6.70319867,Pick 1 - Nov 2021,Pick 50 - Dec 2025 (final)
377986b9-371b-42bc-84c0-6a029685062d,2021-2022,2021-11-25,2026-02-19,50,0.42,21.15,1.55,7.32860520,Pick 1 - Nov 2021,Pick 50 - Dec 2025 (final)
9cec3c49-77c0-43de-9fad-8d3132c3cd63,2021-2022,2021-11-27,2026-02-19,50,0.42,21.07,2.61,12.38728049,Pick 1 - Nov 2021,Pick 50 - Dec 2025 (final)
f1cc5f1e-ee98-4c45-b656-b8f7b3dd2d1c,2021-2022,2021-11-27,2026-02-19,50,1.17,58.47,9.48,16.21344279,Pick 1 - Nov 2021,Pick 50 - Dec 2025 (final)
ec172214-a7ce-44c7-99f5-826f400baf2b,2021-2022,2021-11-29,2026-02-19,50,0.90,45.19,5.36,11.86103120,Pick 1 - Nov 2021,Pick 50 - Dec 2025 (final)
e9b15303-b910-424b-abc7-bae4ff33a610,2021-2022,2021-11-30,2026-02-19,50,1.56,78.15,12.68,16.22520793,Pick 1 - Nov 2021,Pick 50 - Dec 2025 (final)
20c45b1f-8986-42a6-abaa-4614cc54c4c9,2021-2022,2021-12-05,2026-02-19,50,0.63,31.47,3.50,11.12170321,Pick 1 - Dec 2021,Pick 50 - Jan 2026 (final)
eeed5d1d-76bb-4aed-94bb-6bb70ce6576b,2021-2022,2021-12-14,2026-02-19,50,4.51,225.47,28.75,12.75114206,Pick 1 - Dec 2021,Pick 50 - Jan 2026 (final)
89621fab-6d33-41c9-be24-89e4d65ce047,2021-2022,2021-12-20,2026-02-19,49,0.97,47.46,6.55,13.80109566,Pick 1 - Dec 2021,Pick 49 - Dec 2025 (final)
4d04e623-37af-4f7e-9dfa-2e55460e8e0f,2021-2022,2021-12-24,2026-02-19,49,1.52,74.38,6.32,8.49690777,Pick 1 - Dec 2021,Pick 49 - Dec 2025 (final)
2059330c-a2e8-4261-9c4b-b718efe5c069,2021-2022,2021-12-24,2026-02-19,49,0.39,19.06,2.58,13.53620147,Pick 1 - Dec 2021,Pick 49 - Dec 2025 (final)
17d7f2e1-9459-420d-b425-aace842cb155,2021-2022,2021-12-26,2026-02-19,49,1.12,54.72,6.21,11.34868421,Pick 1 - Dec 2021,Pick 49 - Dec 2025 (final)
19af0a54-e453-45c8-a684-1e6e4dc3f672,2021-2022,2021-12-28,2026-02-19,49,1.81,88.85,13.13,14.77771525,Pick 1 - Dec 2021,Pick 49 - Dec 2025 (final)
a3564db0-e95b-42bd-bfe0-983d012126c2,2021-2022,2021-12-28,2026-02-19,49,1.05,51.66,5.73,11.09175377,Pick 1 - Dec 2021,Pick 49 - Dec 2025 (final)
4c531c35-03dd-4aa1-ade8-6aeaad224f36,2021-2022,2021-12-29,2026-02-19,49,0.51,24.90,2.02,8.11244980,Pick 1 - Dec 2021,Pick 49 - Dec 2025 (final)
40a96481-cd7c-47d8-b7d5-d3b2526d82f4,2021-2022,2021-12-29,2026-02-19,49,0.20,9.60,1.22,12.70833333,Pick 1 - Dec 2021,Pick 49 - Dec 2025 (final)
3d81fdad-e375-4804-b796-fd2bcbef2903,2021-2022,2022-01-03,2026-02-19,49,2.93,143.65,21.55,15.00174034,Pick 1 - Jan 2022,Pick 49 - Jan 2026 (final)
b5bdaa2b-ebe1-4ba0-b0f7-9dfd87087e14,2021-2022,2022-01-05,2026-02-19,49,1.10,54.05,8.46,15.65217391,Pick 1 - Jan 2022,Pick 49 - Jan 2026 (final)
7e7813d2-6cdb-4380-a0b3-68be94561ea9,2021-2022,2022-01-06,2026-02-19,49,0.61,30.10,2.53,8.40531561,Pick 1 - Jan 2022,Pick 49 - Jan 2026 (final)
081f4d8e-2007-4c30-b677-ff514831ec17,2021-2022,2022-01-06,2026-02-19,49,1.04,51.08,6.42,12.56851997,Pick 1 - Jan 2022,Pick 49 - Jan 2026 (final)
3c104883-a0a0-4036-bb12-b43f75f082d1,2021-2022,2022-01-07,2026-02-19,49,0.75,36.58,4.00,10.93493712,Pick 1 - Jan 2022,Pick 49 - Jan 2026 (final)
3a33c893-6fa6-4e7d-aafa-11764db9cb6a,2021-2022,2022-01-08,2026-02-19,49,0.55,26.97,2.58,9.56618465,Pick 1 - Jan 2022,Pick 49 - Jan 2026 (final)
739e5956-832a-4b43-a096-f7dd3d027dc4,2021-2022,2022-01-09,2026-02-19,49,0.26,12.54,1.08,8.61244019,Pick 1 - Jan 2022,Pick 49 - Jan 2026 (final)
a4a40d04-97d8-4ea8-b16f-265925126e6c,2021-2022,2022-01-10,2026-02-19,49,1.89,92.77,14.09,15.18809960,Pick 1 - Jan 2022,Pick 49 - Jan 2026 (final)
55034614-cd01-4a8f-8d01-27720c7da6f5,2021-2022,2022-01-14,2026-02-19,49,2.17,106.33,16.95,15.94093859,Pick 1 - Jan 2022,Pick 49 - Jan 2026 (final)
f7d0c8ef-f038-4fe4-b407-f8595b537997,2022-2023,2022-10-10,2026-02-19,40,0.24,9.60,0.58,6.04166667,Pick 1 - Oct 2022,Pick 40 - Jan 2026 (final)
df72c208-1c90-4ecd-ad74-81ccbcdd58d4,2022-2023,2022-10-14,2026-02-19,40,0.48,19.36,2.58,13.32644628,Pick 1 - Oct 2022,Pick 40 - Jan 2026 (final)
40230174-76b6-4a34-beeb-cf5e4916fc74,2022-2023,2022-10-15,2026-02-19,40,0.57,22.89,2.23,9.74224552,Pick 1 - Oct 2022,Pick 40 - Jan 2026 (final)
3f5336f7-a48d-4bbb-ac5b-b50836b1d859,2022-2023,2022-10-16,2026-02-19,40,0.45,17.93,2.84,15.83937535,Pick 1 - Oct 2022,Pick 40 - Jan 2026 (final)
1ba96058-f728-410d-b373-c19bd581d071,2022-2023,2022-10-16,2026-02-19,40,3.71,148.56,19.18,12.91060851,Pick 1 - Oct 2022,Pick 40 - Jan 2026 (final)
1a9b0af4-c1a6-4e4e-ac1a-f23d38f4fce4,2022-2023,2022-10-18,2026-02-19,40,0.23,9.22,0.62,6.72451193,Pick 1 - Oct 2022,Pick 40 - Jan 2026 (final)
be12b927-4cd2-4f84-aed3-2c061f63fd5f,2022-2023,2022-10-22,2026-02-19,39,1.85,71.98,10.08,14.00388997,Pick 1 - Oct 2022,Pick 39 - Dec 2025 (final)
e492786c-3337-405d-a7ca-4805ae1f1790,2022-2023,2022-10-23,2026-02-19,39,1.60,62.38,10.35,16.59185636,Pick 1 - Oct 2022,Pick 39 - Dec 2025 (final)
b486708e-7fb8-4e1d-b7b5-eda684d7afe8,2022-2023,2022-10-25,2026-02-19,39,0.19,7.35,0.41,5.57823129,Pick 1 - Oct 2022,Pick 39 - Dec 2025 (final)
196d7bb5-121e-44a5-b182-63e705fa69d8,2022-2023,2022-10-27,2026-02-19,39,0.95,37.11,5.57,15.00943142,Pick 1 - Oct 2022,Pick 39 - Dec 2025 (final)
0a724230-5a25-4edb-9f69-af4c31bb50a1,2022-2023,2022-10-29,2026-02-19,39,4.90,191.10,28.91,15.12820513,Pick 1 - Oct 2022,Pick 39 - Dec 2025 (final)
8cbf9cce-99ec-4999-a4c9-e215e97f9499,2022-2023,2022-11-06,2026-02-19,39,5.76,224.59,21.47,9.55964201,Pick 1 - Nov 2022,Pick 39 - Jan 2026 (final)
85975f60-086b-41aa-989f-7ac955f21fc2,2022-2023,2022-11-06,2026-02-19,39,2.58,100.58,15.71,15.61940744,Pick 1 - Nov 2022,Pick 39 - Jan 2026 (final)
bb738dec-7e15-4bd8-be4f-9acc963c6958,2022-2023,2022-11-08,2026-02-19,39,0.56,21.70,1.25,5.76036866,Pick 1 - Nov 2022,Pick 39 - Jan 2026 (final)
60c608cf-a89b-4098-9299-1113a19a64c0,2022-2023,2022-11-10,2026-02-19,39,0.90,34.92,3.93,11.25429553,Pick 1 - Nov 2022,Pick 39 - Jan 2026 (final)
25901fec-33a8-4c74-b512-330d428bf8fa,2022-2023,2022-11-11,2026-02-19,39,0.75,29.25,3.01,10.29059829,Pick 1 - Nov 2022,Pick 39 - Jan 2026 (final)
81a2067f-7290-46f0-a051-11dc9713d22a,2022-2023,2022-11-12,2026-02-19,39,0.35,13.66,2.13,15.59297218,Pick 1 - Nov 2022,Pick 39 - Jan 2026 (final)
e2f839ac-5847-40bf-92ad-065d3806757f,2022-2023,2022-11-13,2026-02-19,39,0.82,32.14,3.29,10.23646546,Pick 1 - Nov 2022,Pick 39 - Jan 2026 (final)
94b63b76-4250-475e-90fb-d49eb6a28224,2022-2023,2022-11-24,2026-02-19,38,0.34,13.03,1.40,10.74443592,Pick 1 - Nov 2022,Pick 38 - Dec 2025 (final)
9c2faa9f-3955-45f5-866e-9ce93941c616,2022-2023,2022-12-05,2026-02-19,38,6.59,250.27,35.91,14.34850362,Pick 1 - Dec 2022,Pick 38 - Jan 2026 (final)
bf74dd3c-88b6-4feb-ac6d-1ef560eb5a0a,2022-2023,2022-12-05,2026-02-19,38,0.96,36.62,4.76,12.99836155,Pick 1 - Dec 2022,Pick 38 - Jan 2026 (final)
9bf05a71-7f9e-4f57-9428-3c87aea8a741,2022-2023,2022-12-07,2026-02-19,38,0.45,17.28,1.34,7.75462963,Pick 1 - Dec 2022,Pick 38 - Jan 2026 (final)
28003cf6-554a-4dc9-9f7b-09990a91ed7f,2022-2023,2022-12-10,2026-02-19,38,2.68,102.01,14.41,14.12606607,Pick 1 - Dec 2022,Pick 38 - Jan 2026 (final)
1096a681-0218-4849-9e09-47e109279ff3,2022-2023,2022-12-17,2026-02-19,38,0.32,12.15,0.76,6.25514403,Pick 1 - Dec 2022,Pick 38 - Jan 2026 (final)
b72ccc57-85dc-4a77-8f7d-ede565e1a9c5,2022-2023,2022-12-18,2026-02-19,38,4.54,172.44,17.40,10.09046625,Pick 1 - Dec 2022,Pick 38 - Jan 2026 (final)
eb30473d-6ccc-4bbf-b4da-a830e539e264,2022-2023,2022-12-21,2026-02-19,37,0.82,30.45,1.80,5.91133005,Pick 1 - Dec 2022,Pick 37 - Dec 2025 (final)
d95e9c2f-d701-4e8f-b35e-6e3ea24c42e1,2022-2023,2022-12-21,2026-02-19,37,0.57,21.15,1.32,6.24113475,Pick 1 - Dec 2022,Pick 37 - Dec 2025 (final)
f1c65e43-8ef2-41b9-ae60-eed96a9ef9b1,2022-2023,2022-12-22,2026-02-19,37,1.08,39.99,3.02,7.55188797,Pick 1 - Dec 2022,Pick 37 - Dec 2025 (final)
cdc34b69-92b2-4f58-ab34-9aded205bcb5,2022-2023,2022-12-24,2026-02-19,37,4.71,174.10,19.83,11.39000574,Pick 1 - Dec 2022,Pick 37 - Dec 2025 (final)
ee0de5a3-fe89-46ca-9cc5-7dfe6a536d09,2022-2023,2022-12-24,2026-02-19,37,0.76,28.15,1.61,5.71936057,Pick 1 - Dec 2022,Pick 37 - Dec 2025 (final)
ab261b4c-25f8-4558-85dc-824566c9a662,2022-2023,2022-12-24,2026-02-19,37,2.96,109.60,16.55,15.10036496,Pick 1 - Dec 2022,Pick 37 - Dec 2025 (final)
59da289a-b624-45fe-a0c6-a3600d022510,2022-2023,2022-12-26,2026-02-19,37,0.59,21.75,3.27,15.03448276,Pick 1 - Dec 2022,Pick 37 - Dec 2025 (final)
1bdd1952-3ce4-4329-a474-f4bf5194b2e1,2022-2023,2022-12-31,2026-02-19,37,3.43,126.74,9.90,7.81126716,Pick 1 - Dec 2022,Pick 37 - Dec 2025 (final)
9fd8fad3-5a4b-4d77-9495-09ff5b6aa018,2022-2023,2022-12-31,2026-02-19,37,1.06,39.24,5.27,13.43017329,Pick 1 - Dec 2022,Pick 37 - Dec 2025 (final)
a678ae6f-4638-4210-9710-a03313e0943d,2022-2023,2023-01-09,2026-02-19,37,4.62,171.04,19.28,11.27221703,Pick 1 - Jan 2023,Pick 37 - Jan 2026 (final)
54204f98-36da-4992-a39d-0bb89b44292e,2022-2023,2023-01-12,2026-02-19,37,2.29,84.70,11.30,13.34120425,Pick 1 - Jan 2023,Pick 37 - Jan 2026 (final)
89c4beb3-d267-4430-be70-0c53c9bfbdcd,2022-2023,2023-01-12,2026-02-19,37,1.18,43.50,6.16,14.16091954,Pick 1 - Jan 2023,Pick 37 - Jan 2026 (final)
753c4c52-40ca-408f-a242-b98351248e40,2022-2023,2023-01-13,2026-02-19,37,0.89,32.91,2.47,7.50531753,Pick 1 - Jan 2023,Pick 37 - Jan 2026 (final)
c6bf58fb-ca6c-4fc0-b733-97b915e28d34,2022-2023,2023-01-14,2026-02-19,37,1.77,65.56,8.65,13.19402074,Pick 1 - Jan 2023,Pick 37 - Jan 2026 (final)
b3440b96-c322-4aff-a9aa-ad684ac9e7f9,2022-2023,2023-01-15,2026-02-19,37,0.16,6.00,0.78,13.00000000,Pick 1 - Jan 2023,Pick 37 - Jan 2026 (final)
12026564-9d5a-4cca-8be0-002135eebbb5,2023-2024,2023-10-15,2026-02-19,28,0.77,21.59,1.91,8.84668828,Pick 1 - Oct 2023,Pick 28 - Jan 2026 (final)
564efbe9-8b90-40c4-bfa5-2af05ecd8de9,2023-2024,2023-10-20,2026-02-19,27,0.77,20.85,2.07,9.92805755,Pick 1 - Oct 2023,Pick 27 - Dec 2025 (final)
9396c99a-31d5-4073-8881-1e9f8f00823b,2023-2024,2023-10-22,2026-02-19,27,3.24,87.61,10.16,11.59684967,Pick 1 - Oct 2023,Pick 27 - Dec 2025 (final)
6d31f62a-253a-4de9-be08-97740a1e2d5f,2023-2024,2023-10-23,2026-02-19,27,0.43,11.74,1.83,15.58773424,Pick 1 - Oct 2023,Pick 27 - Dec 2025 (final)
96caa831-8766-4a8b-a66c-4191cd4f1d92,2023-2024,2023-10-23,2026-02-19,27,4.54,122.65,12.46,10.15898899,Pick 1 - Oct 2023,Pick 27 - Dec 2025 (final)
51b69a11-60d3-4fd8-b4b9-794a40009b98,2023-2024,2023-10-26,2026-02-19,27,4.52,122.12,14.52,11.88994432,Pick 1 - Oct 2023,Pick 27 - Dec 2025 (final)
3592d10a-9654-4c1a-868d-cfad6396e3b4,2023-2024,2023-10-26,2026-02-19,27,0.36,9.60,0.89,9.27083333,Pick 1 - Oct 2023,Pick 27 - Dec 2025 (final)
66823f21-b9d0-4bf5-aa1f-90c9d9f17aa5,2023-2024,2023-10-28,2026-02-19,27,1.93,52.05,5.34,10.25936599,Pick 1 - Oct 2023,Pick 27 - Dec 2025 (final)
e6ebd287-f345-4734-ac19-15a546949d6d,2023-2024,2023-10-31,2026-02-19,27,0.54,14.70,1.23,8.36734694,Pick 1 - Oct 2023,Pick 27 - Dec 2025 (final)
e231d661-3464-41d6-bb95-ed3f15e0683c,2023-2024,2023-11-02,2026-02-19,27,0.22,6.00,0.72,12.00000000,Pick 1 - Nov 2023,Pick 27 - Jan 2026 (final)
f93d767c-ae99-42cd-8053-26405a1fcc2f,2023-2024,2023-11-05,2026-02-19,27,1.01,27.34,4.03,14.74030724,Pick 1 - Nov 2023,Pick 27 - Jan 2026 (final)
2fe7214e-3ec4-4ea6-9647-14018464a9be,2023-2024,2023-11-07,2026-02-19,27,1.26,34.13,4.79,14.03457369,Pick 1 - Nov 2023,Pick 27 - Jan 2026 (final)
c352c42c-6d26-469e-9e17-f48294765391,2023-2024,2023-11-07,2026-02-19,27,1.39,37.65,2.70,7.17131474,Pick 1 - Nov 2023,Pick 27 - Jan 2026 (final)
1287799f-bd99-4ae2-90b1-950b4ced710e,2023-2024,2023-11-09,2026-02-19,27,0.40,10.78,1.30,12.05936920,Pick 1 - Nov 2023,Pick 27 - Jan 2026 (final)
099d4268-4b02-456a-adeb-ad70bb4cf38c,2023-2024,2023-11-10,2026-02-19,27,1.08,29.25,3.09,10.56410256,Pick 1 - Nov 2023,Pick 27 - Jan 2026 (final)
573a348a-7972-40ed-914b-e361adc9f592,2023-2024,2023-11-10,2026-02-19,27,2.41,65.03,10.14,15.59280332,Pick 1 - Nov 2023,Pick 27 - Jan 2026 (final)
7d1f2486-8b67-4a5f-8661-3d3151bd9b06,2023-2024,2023-11-11,2026-02-19,27,1.41,38.07,4.47,11.74152876,Pick 1 - Nov 2023,Pick 27 - Jan 2026 (final)
1ec177d1-d286-427a-87fa-d3d1bb38dc44,2023-2024,2023-11-12,2026-02-19,27,1.47,39.75,5.72,14.38993711,Pick 1 - Nov 2023,Pick 27 - Jan 2026 (final)
cf10cbdb-b3cb-4b36-9839-93f47bc63ff1,2023-2024,2023-11-23,2026-02-19,26,1.88,48.99,4.76,9.71626863,Pick 1 - Nov 2023,Pick 26 - Dec 2025 (final)
d9f3118c-6993-444f-9498-2cecc924761a,2023-2024,2023-11-23,2026-02-19,26,5.77,150.13,19.95,13.28848331,Pick 1 - Nov 2023,Pick 26 - Dec 2025 (final)
8fb7cb5d-21e3-4337-9067-59f68ad8284c,2023-2024,2023-11-24,2026-02-19,26,1.58,41.20,3.60,8.73786408,Pick 1 - Nov 2023,Pick 26 - Dec 2025 (final)
3ddc68e0-29f6-4b38-8d0f-e03ef6ce9ef7,2023-2024,2023-11-27,2026-02-19,26,0.36,9.42,1.24,13.16348195,Pick 1 - Nov 2023,Pick 26 - Dec 2025 (final)
7a57cd07-3848-4701-a45b-2557edfdbbe2,2023-2024,2023-11-29,2026-02-19,26,1.13,29.25,3.83,13.09401709,Pick 1 - Nov 2023,Pick 26 - Dec 2025 (final)
7b8f1529-c468-433e-b3cc-1c6a26a71cbd,2023-2024,2023-11-30,2026-02-19,26,2.45,63.74,9.11,14.29243803,Pick 1 - Nov 2023,Pick 26 - Dec 2025 (final)
eab02196-414c-441b-b2f7-db43e194614c,2023-2024,2023-12-03,2026-02-19,26,1.72,44.60,4.93,11.05381166,Pick 1 - Dec 2023,Pick 26 - Jan 2026 (final)
084b8067-8451-4b19-9a14-ee4f2aeb9d78,2023-2024,2023-12-03,2026-02-19,26,1.22,31.80,2.25,7.07547170,Pick 1 - Dec 2023,Pick 26 - Jan 2026 (final)
a5856aab-2c22-43ce-a223-cb27fec81e15,2023-2024,2023-12-04,2026-02-19,26,0.47,12.15,1.42,11.68724280,Pick 1 - Dec 2023,Pick 26 - Jan 2026 (final)
49128441-4ac0-420f-ae45-8af50a362029,2023-2024,2023-12-04,2026-02-19,26,0.91,23.66,2.01,8.49535080,Pick 1 - Dec 2023,Pick 26 - Jan 2026 (final)
bb293950-ca7b-4247-ac17-92a1f73b5c0e,2023-2024,2023-12-04,2026-02-19,26,3.94,102.43,9.14,8.92316704,Pick 1 - Dec 2023,Pick 26 - Jan 2026 (final)
13fbdaed-7c1b-4532-86d2-f6c45f115ffd,2023-2024,2023-12-04,2026-02-19,26,2.83,73.56,12.03,16.35399674,Pick 1 - Dec 2023,Pick 26 - Jan 2026 (final)
58dd41ed-2d00-471d-9502-046762c4c5c6,2023-2024,2023-12-04,2026-02-19,26,4.21,109.41,11.39,10.41038296,Pick 1 - Dec 2023,Pick 26 - Jan 2026 (final)
5ef0ac22-2faa-43af-88c6-cf8f09acd778,2023-2024,2023-12-07,2026-02-19,26,6.59,171.29,24.82,14.49004612,Pick 1 - Dec 2023,Pick 26 - Jan 2026 (final)
c8dbe2d3-d04b-460b-bc49-6d1b8458987b,2023-2024,2023-12-09,2026-02-19,26,3.59,93.24,4.32,4.63320463,Pick 1 - Dec 2023,Pick 26 - Jan 2026 (final)
2533923f-976a-4100-88c2-068c409c9dd0,2023-2024,2023-12-12,2026-02-19,26,4.62,120.22,14.51,12.06953918,Pick 1 - Dec 2023,Pick 26 - Jan 2026 (final)
6803c269-5f08-44ae-8310-f61810af0e16,2023-2024,2023-12-15,2026-02-19,26,4.15,108.00,13.46,12.46296296,Pick 1 - Dec 2023,Pick 26 - Jan 2026 (final)
2e28b63d-9a0e-4867-ba13-8e516c0eed57,2023-2024,2023-12-19,2026-02-19,26,4.91,127.61,16.07,12.59305697,Pick 1 - Dec 2023,Pick 26 - Jan 2026 (final)
7ccd003b-3bf4-4ccf-9024-e2853fb9007b,2023-2024,2023-12-22,2026-02-19,25,1.83,45.70,7.04,15.40481400,Pick 1 - Dec 2023,Pick 25 - Dec 2025 (final)
1ed30ace-8dd7-4d1c-9ce0-3f5a8cfd98e1,2023-2024,2023-12-23,2026-02-19,25,1.00,24.90,2.10,8.43373494,Pick 1 - Dec 2023,Pick 25 - Dec 2025 (final)
c024a0bc-1068-4599-a65b-ad16004f8bff,2023-2024,2023-12-26,2026-02-19,25,0.37,9.29,1.41,15.17761033,Pick 1 - Dec 2023,Pick 25 - Dec 2025 (final)
875dc514-094d-438e-aee6-178f6d8bed34,2023-2024,2023-12-28,2026-02-19,25,2.24,56.03,7.60,13.56416206,Pick 1 - Dec 2023,Pick 25 - Dec 2025 (final)
cea20d8f-7423-49c8-9df8-adea487bed7e,2023-2024,2023-12-30,2026-02-19,25,0.24,6.00,0.58,9.66666667,Pick 1 - Dec 2023,Pick 25 - Dec 2025 (final)
518eef21-8ff1-4046-b93c-4a2cb2afa42d,2023-2024,2024-01-01,2026-02-19,25,0.87,21.75,2.04,9.37931034,Pick 1 - Jan 2024,Pick 25 - Jan 2026 (final)
dc7626ea-675c-4b09-91ee-da0bf2a2a9a7,2023-2024,2024-01-01,2026-02-19,25,4.38,109.43,5.25,4.79758750,Pick 1 - Jan 2024,Pick 25 - Jan 2026 (final)
1c6c0cfc-01aa-4d26-bc03-f78a31c6d25d,2023-2024,2024-01-01,2026-02-19,25,0.70,17.51,1.18,6.73900628,Pick 1 - Jan 2024,Pick 25 - Jan 2026 (final)
4170ac1f-0578-4484-bf5a-d2f6281983cb,2023-2024,2024-01-01,2026-02-19,25,1.59,39.66,2.68,6.75743822,Pick 1 - Jan 2024,Pick 25 - Jan 2026 (final)
49f91982-a23c-445a-883f-454aa989da09,2023-2024,2024-01-04,2026-02-19,25,4.20,104.89,7.15,6.81666508,Pick 1 - Jan 2024,Pick 25 - Jan 2026 (final)
491ee2dc-76b6-4a1f-bb4b-00dd57c700c9,2023-2024,2024-01-05,2026-02-19,25,0.46,11.61,1.94,16.70973299,Pick 1 - Jan 2024,Pick 25 - Jan 2026 (final)
eaf12497-9c7d-428e-a93a-a42abe8f9a62,2023-2024,2024-01-05,2026-02-19,25,1.13,28.22,2.05,7.26435152,Pick 1 - Jan 2024,Pick 25 - Jan 2026 (final)
3255141a-4f01-4ee6-85d0-bcb49998597c,2023-2024,2024-01-05,2026-02-19,25,0.73,18.30,1.54,8.41530055,Pick 1 - Jan 2024,Pick 25 - Jan 2026 (final)
8963138a-3b23-4b52-a4eb-5127da24276f,2023-2024,2024-01-07,2026-02-19,25,4.56,114.12,15.13,13.25797406,Pick 1 - Jan 2024,Pick 25 - Jan 2026 (final)
4a9d30aa-226b-4b91-98b5-caf0479c71c0,2023-2024,2024-01-07,2026-02-19,25,0.85,21.15,2.13,10.07092199,Pick 1 - Jan 2024,Pick 25 - Jan 2026 (final)
aa000001-0000-0000-0000-000000000001,2023-2024,2024-01-10,2026-02-19,25,3.50,87.50,10.50,12.00000000,Pick 1 - Jan 2024,Pick 25 - Jan 2026 (final)
98da48fd-1e38-4eb8-8157-757d232fa9c1,2023-2024,2024-01-11,2026-02-19,25,2.39,59.83,8.64,14.44091593,Pick 1 - Jan 2024,Pick 25 - Jan 2026 (final)
904da167-1265-4bc9-bc6c-23b0df8bba74,2023-2024,2024-01-11,2026-02-19,25,0.25,6.30,0.93,14.76190476,Pick 1 - Jan 2024,Pick 25 - Jan 2026 (final)
c2416945-769d-44ac-9c36-fe720e9092a8,2023-2024,2024-01-15,2026-02-19,25,0.20,5.10,0.46,9.01960784,Pick 1 - Jan 2024,Pick 25 - Jan 2026 (final)
041d36ff-8401-452a-b7f0-4bcdfe00a9ba,2023-2024,2024-01-15,2026-02-19,25,1.22,30.45,2.36,7.75041051,Pick 1 - Jan 2024,Pick 25 - Jan 2026 (final)
3b4c0555-7a61-4b7f-a596-6f60d14a3a9a,2023-2024,2024-01-15,2026-02-19,25,2.25,56.36,7.76,13.76863023,Pick 1 - Jan 2024,Pick 25 - Jan 2026 (final)
144dd8fe-d4df-4f43-be08-8ad3d0ef30ba,2023-2024,2024-01-15,2026-02-19,25,3.22,80.38,9.64,11.99303309,Pick 1 - Jan 2024,Pick 25 - Jan 2026 (final)
aa000003-0000-0000-0000-000000000003,2023-2024,2024-01-15,2026-02-19,25,5.60,140.00,16.80,12.00000000,Pick 1 - Jan 2024,Pick 25 - Jan 2026 (final)
07fe8ca3-c226-4019-a1f0-de3e51ea6112,2023-2024,2024-01-16,2026-02-19,25,7.98,199.60,22.00,11.02204409,Pick 1 - Jan 2024,Pick 25 - Jan 2026 (final)
9aa62d2c-0a73-40bb-9721-12b46eeae6ae,2023-2024,2024-01-16,2026-02-19,25,2.40,60.10,8.65,14.39267887,Pick 1 - Jan 2024,Pick 25 - Jan 2026 (final)
aa000005-0000-0000-0000-000000000005,2023-2024,2024-01-20,2026-02-19,24,4.95,118.80,14.26,12.00336700,Pick 1 - Jan 2024,Pick 24 - Dec 2025 (final)
db6c17d8-90e2-4046-9feb-2c244af5ba29,2024-2025,2024-10-09,2026-02-19,16,6.71,107.33,18.16,16.91978012,Pick 1 - Oct 2024,Pick 16 - Jan 2026 (final)
e7d541ee-bc19-45cf-a163-75597faf137a,2024-2025,2024-10-11,2026-02-19,16,1.45,23.12,3.69,15.96020761,Pick 1 - Oct 2024,Pick 16 - Jan 2026 (final)
b17d117a-62b8-4577-9bce-233aebfef6ca,2024-2025,2024-10-12,2026-02-19,16,1.36,21.75,2.69,12.36781609,Pick 1 - Oct 2024,Pick 16 - Jan 2026 (final)
4ddab17d-c546-4a1e-b45d-be4f354a9e79,2024-2025,2024-10-14,2026-02-19,16,2.53,40.47,3.29,8.12947863,Pick 1 - Oct 2024,Pick 16 - Jan 2026 (final)
149ae912-81fe-485a-a5b6-ba96afac1e05,2024-2025,2024-10-15,2026-02-19,16,3.73,59.66,9.17,15.37043245,Pick 1 - Oct 2024,Pick 16 - Jan 2026 (final)
1465fa12-b796-497d-bbdf-4df259c7c9ab,2024-2025,2024-10-17,2026-02-19,16,1.70,27.15,3.10,11.41804788,Pick 1 - Oct 2024,Pick 16 - Jan 2026 (final)
05eaf100-cec7-4336-a9b5-45a5bed1f210,2024-2025,2024-10-18,2026-02-19,16,3.94,62.97,7.30,11.59282198,Pick 1 - Oct 2024,Pick 16 - Jan 2026 (final)
b8bfe15d-7b3c-470f-9bd4-32b006ce181f,2024-2025,2024-10-18,2026-02-19,16,0.46,7.35,0.57,7.75510204,Pick 1 - Oct 2024,Pick 16 - Jan 2026 (final)
c68ccc1f-b1f4-4440-bbc8-2482b5ef8b39,2024-2025,2024-10-21,2026-02-19,15,5.13,77.02,12.98,16.85276552,Pick 1 - Oct 2024,Pick 15 - Dec 2025 (final)
d3ca8168-2556-42fa-9f92-f852629fff1a,2024-2025,2024-10-21,2026-02-19,15,3.36,50.39,5.96,11.82774360,Pick 1 - Oct 2024,Pick 15 - Dec 2025 (final)
009f201b-36af-4a5c-ab85-2233977befe4,2024-2025,2024-10-22,2026-02-19,15,12.60,189.01,28.84,15.25845193,Pick 1 - Oct 2024,Pick 15 - Dec 2025 (final)
973004eb-311a-4fb9-86ec-577c706fe322,2024-2025,2024-10-24,2026-02-19,15,2.85,42.74,5.57,13.03228825,Pick 1 - Oct 2024,Pick 15 - Dec 2025 (final)
0e731dc3-0c76-4ee9-aab3-e29e98f93f16,2024-2025,2024-10-27,2026-02-19,15,5.90,88.50,8.13,9.18644068,Pick 1 - Oct 2024,Pick 15 - Dec 2025 (final)
6404708b-9a03-43ba-ba8d-6e717a2098f0,2024-2025,2024-10-30,2026-02-19,15,4.98,74.74,6.46,8.64329676,Pick 1 - Oct 2024,Pick 15 - Dec 2025 (final)
56aee8a2-d488-4c23-9cc8-dd9c4ab4100c,2024-2025,2024-11-01,2026-02-19,15,6.80,101.94,11.89,11.66372376,Pick 1 - Nov 2024,Pick 15 - Jan 2026 (final)
d1e47881-5707-4eaf-95b8-8ebf27b524dc,2024-2025,2024-11-04,2026-02-19,15,3.79,56.92,3.52,6.18411806,Pick 1 - Nov 2024,Pick 15 - Jan 2026 (final)
5a163cc7-ad35-4610-b907-1880d6224d22,2024-2025,2024-11-05,2026-02-19,15,0.34,5.10,0.29,5.68627451,Pick 1 - Nov 2024,Pick 15 - Jan 2026 (final)
051ea7f0-a0c5-43ce-84f9-36845455ac2e,2024-2025,2024-11-08,2026-02-19,15,0.80,11.99,0.64,5.33778148,Pick 1 - Nov 2024,Pick 15 - Jan 2026 (final)
df011a30-7aab-4a35-a93e-4855b93a1945,2024-2025,2024-11-09,2026-02-19,15,1.41,21.15,1.83,8.65248227,Pick 1 - Nov 2024,Pick 15 - Jan 2026 (final)
1f332ba8-ade6-4e55-a029-832e5e3c14ba,2024-2025,2024-11-10,2026-02-19,15,0.53,7.94,1.17,14.73551637,Pick 1 - Nov 2024,Pick 15 - Jan 2026 (final)
db7de336-7799-4249-9b8b-81cfbac75626,2024-2025,2024-11-11,2026-02-19,15,9.51,142.72,24.36,17.06838565,Pick 1 - Nov 2024,Pick 15 - Jan 2026 (final)
fea4f1f5-1fe6-4430-9d9d-af4b87589731,2024-2025,2024-11-11,2026-02-19,15,2.31,34.62,2.92,8.43443096,Pick 1 - Nov 2024,Pick 15 - Jan 2026 (final)
f2636c19-d6e2-4fa5-81fe-c2fb2ee46d7e,2024-2025,2024-11-11,2026-02-19,15,0.40,6.00,0.88,14.66666667,Pick 1 - Nov 2024,Pick 15 - Jan 2026 (final)
9f766e01-1968-4a3c-b46f-06841a011518,2024-2025,2024-11-12,2026-02-19,15,1.25,18.71,1.70,9.08605024,Pick 1 - Nov 2024,Pick 15 - Jan 2026 (final)
c9c1d1ba-d6e3-466b-b9be-04f0d4d37624,2024-2025,2024-11-16,2026-02-19,15,2.03,30.45,2.22,7.29064039,Pick 1 - Nov 2024,Pick 15 - Jan 2026 (final)
c5dffb4c-e9a2-45ec-b12e-b28ab93d8c75,2024-2025,2024-11-18,2026-02-19,15,0.64,9.60,1.16,12.08333333,Pick 1 - Nov 2024,Pick 15 - Jan 2026 (final)
aa000002-0000-0000-0000-000000000002,2024-2025,2024-11-20,2026-02-19,14,6.79,95.00,12.35,13.00000000,Pick 1 - Nov 2024,Pick 14 - Dec 2025 (final)
8e0e4144-5854-4eb2-8a04-8f5be3c29da9,2024-2025,2024-11-20,2026-02-19,14,10.13,141.85,17.29,12.18893197,Pick 1 - Nov 2024,Pick 14 - Dec 2025 (final)
8d786e72-2ab7-457c-8db6-59daf4b085f7,2024-2025,2024-11-21,2026-02-19,14,0.86,12.00,1.26,10.50000000,Pick 1 - Nov 2024,Pick 14 - Dec 2025 (final)
199aa5f4-d669-4e22-b943-d8f289729713,2024-2025,2024-11-22,2026-02-19,14,5.49,76.83,10.41,13.54939477,Pick 1 - Nov 2024,Pick 14 - Dec 2025 (final)
45152011-c704-467d-955e-8973557bb320,2024-2025,2024-11-24,2026-02-19,14,10.85,151.94,23.13,15.22311439,Pick 1 - Nov 2024,Pick 14 - Dec 2025 (final)
aa000004-0000-0000-0000-000000000004,2024-2025,2024-11-25,2026-02-19,14,10.86,152.00,19.76,13.00000000,Pick 1 - Nov 2024,Pick 14 - Dec 2025 (final)
e677fc90-03f7-4fd4-a691-cbc14cbeb739,2024-2025,2024-11-28,2026-02-19,14,1.31,18.30,1.75,9.56284153,Pick 1 - Nov 2024,Pick 14 - Dec 2025 (final)
22b1a46b-ebe8-4834-8635-f4ac6f053a08,2024-2025,2024-11-28,2026-02-19,14,13.52,189.21,16.88,8.92130437,Pick 1 - Nov 2024,Pick 14 - Dec 2025 (final)
b3d45176-b07e-4cda-9935-9d3a85464cf7,2024-2025,2024-12-01,2026-02-19,14,1.76,24.66,3.23,13.09813463,Pick 1 - Dec 2024,Pick 14 - Jan 2026 (final)
aa000006-0000-0000-0000-000000000006,2024-2025,2024-12-01,2026-02-19,14,9.19,128.70,16.73,12.99922300,Pick 1 - Dec 2024,Pick 14 - Jan 2026 (final)
dda5bd66-29d3-485a-a368-404c5594acfb,2024-2025,2024-12-02,2026-02-19,14,9.47,132.54,14.75,11.12871586,Pick 1 - Dec 2024,Pick 14 - Jan 2026 (final)
53fc2b75-6ffc-4d8d-a2af-c004411fa824,2024-2025,2024-12-04,2026-02-19,14,5.36,75.02,6.23,8.30445215,Pick 1 - Dec 2024,Pick 14 - Jan 2026 (final)
05e89b48-3b50-476c-a8a2-77733f9fd5ba,2024-2025,2024-12-07,2026-02-19,14,6.49,90.82,8.19,9.01783748,Pick 1 - Dec 2024,Pick 14 - Jan 2026 (final)
4c0f1984-cf50-4e9b-ad0e-31d9b442462a,2024-2025,2024-12-09,2026-02-19,14,11.70,163.85,26.31,16.05736955,Pick 1 - Dec 2024,Pick 14 - Jan 2026 (final)
6e8338d3-24b9-4fb5-9fbe-9c757d9d3f79,2024-2025,2024-12-09,2026-02-19,14,4.61,64.54,8.73,13.52649520,Pick 1 - Dec 2024,Pick 14 - Jan 2026 (final)
d173e835-e159-4779-90cd-a11463d356a6,2024-2025,2024-12-11,2026-02-19,14,2.15,30.15,1.98,6.56716418,Pick 1 - Dec 2024,Pick 14 - Jan 2026 (final)
6b0d23e6-08f6-4edc-aa87-addd06b0f954,2024-2025,2024-12-11,2026-02-19,14,3.08,43.14,5.31,12.30876217,Pick 1 - Dec 2024,Pick 14 - Jan 2026 (final)
3994f984-afb6-4718-a131-57ed2165975c,2024-2025,2024-12-12,2026-02-19,14,8.26,115.69,12.74,11.01218774,Pick 1 - Dec 2024,Pick 14 - Jan 2026 (final)
9306e5d2-b1a8-4401-a79e-9fe6942f4291,2024-2025,2024-12-13,2026-02-19,14,5.09,71.32,11.64,16.32080763,Pick 1 - Dec 2024,Pick 14 - Jan 2026 (final)
2d8887a1-05cf-404b-86d7-2a58515a6e09,2024-2025,2024-12-14,2026-02-19,14,0.99,13.80,1.02,7.39130435,Pick 1 - Dec 2024,Pick 14 - Jan 2026 (final)
2579bd48-99e1-495d-b136-258171d0ea41,2024-2025,2024-12-15,2026-02-19,14,5.26,73.67,10.35,14.04913805,Pick 1 - Dec 2024,Pick 14 - Jan 2026 (final)
2daa89ca-a78a-483c-b9ca-f8db10b84c86,2024-2025,2024-12-18,2026-02-19,14,2.37,33.12,5.38,16.24396135,Pick 1 - Dec 2024,Pick 14 - Jan 2026 (final)
56f982ad-56bf-4344-88e9-446421497387,2024-2025,2024-12-20,2026-02-19,13,4.19,54.44,5.19,9.53343130,Pick 1 - Dec 2024,Pick 13 - Dec 2025 (final)
68275a24-e269-4d80-a30f-d1c78a982e2c,2024-2025,2024-12-21,2026-02-19,13,10.50,136.44,13.26,9.71855761,Pick 1 - Dec 2024,Pick 13 - Dec 2025 (final)
7c881ee3-909d-40ab-82d6-b6dc3dddb82b,2024-2025,2024-12-23,2026-02-19,13,0.70,9.15,1.14,12.45901639,Pick 1 - Dec 2024,Pick 13 - Dec 2025 (final)
e28154be-c712-44a7-880f-7a697284841a,2024-2025,2024-12-25,2026-02-19,13,3.25,42.27,2.97,7.02625976,Pick 1 - Dec 2024,Pick 13 - Dec 2025 (final)
0e492090-c04e-4084-a116-8f5b32f45424,2024-2025,2024-12-25,2026-02-19,13,0.93,12.15,1.30,10.69958848,Pick 1 - Dec 2024,Pick 13 - Dec 2025 (final)
66137b6c-c35d-44a6-80a1-5b85ef04437e,2024-2025,2024-12-28,2026-02-19,13,12.41,161.33,18.97,11.75850741,Pick 1 - Dec 2024,Pick 13 - Dec 2025 (final)
9a9b52bd-1e08-4284-973d-0bf76cb0102b,2024-2025,2024-12-29,2026-02-19,13,5.72,74.40,7.22,9.70430108,Pick 1 - Dec 2024,Pick 13 - Dec 2025 (final)
761bb421-290c-4205-aebf-d1b6d406bc35,2024-2025,2024-12-31,2026-02-19,13,2.25,29.25,2.12,7.24786325,Pick 1 - Dec 2024,Pick 13 - Dec 2025 (final)
4f6fe8d6-7e41-4843-9836-a883782cf422,2024-2025,2025-01-05,2026-02-19,13,4.56,59.30,5.05,8.51602024,Pick 1 - Jan 2025,Pick 13 - Jan 2026 (final)
130e034b-e971-4500-b7c0-a7cdfaf37f0d,2024-2025,2025-01-05,2026-02-19,13,8.59,111.65,13.26,11.87639946,Pick 1 - Jan 2025,Pick 13 - Jan 2026 (final)
e6293225-32f2-4d8b-9895-50289f1fb958,2024-2025,2025-01-08,2026-02-19,13,2.05,26.71,4.00,14.97566455,Pick 1 - Jan 2025,Pick 13 - Jan 2026 (final)
3504c815-ee99-47e8-a4f0-80909d268ab8,2024-2025,2025-01-08,2026-02-19,13,4.94,64.24,7.33,11.41033624,Pick 1 - Jan 2025,Pick 13 - Jan 2026 (final)
8b5197ca-68e3-4338-afcd-0873b0090823,2024-2025,2025-01-09,2026-02-19,13,0.65,8.46,0.71,8.39243499,Pick 1 - Jan 2025,Pick 13 - Jan 2026 (final)
e8de0a54-378f-4fe1-b1a2-06709585390e,2024-2025,2025-01-10,2026-02-19,13,1.13,14.70,0.93,6.32653061,Pick 1 - Jan 2025,Pick 13 - Jan 2026 (final)